title,price;
"Rogue Legacy 2 (Simplified Chinese, English, Korean, Japanese, Traditional Chinese),""Rp349,000""";
"Inscryption (Simplified Chinese, English, Korean, Japanese, Traditional Chinese),""Rp167,400""";
"Deus Ex: Mankind Divided (Game),""Rp102,000""";
"Killing Floor 2 (Simplified Chinese, English, Korean, Japanese, Traditional Chinese),""Rp85,800""";
"Lonely Mountains: Downhill (Simplified Chinese, English, Korean, Japanese),""Rp279,000""";
"Ratchet & Clank: Rift Apart (Simplified Chinese, English, Korean, Traditional Chinese),""Rp1,029,000""";
"Horizon Forbidden West™ (Simplified Chinese, English, Korean, Thai, Japanese, Traditional Chinese),""Rp579,000""";
"Horizon Forbidden West™ (Simplified Chinese, English, Korean, Thai, Japanese, Traditional Chinese),""Rp729,000""";
"Hundred Days - Winemaking Simulator (Simplified Chinese, English, Korean, Japanese, Traditional Chinese),""Rp429,000""";
"Carto (Simplified Chinese, English, Korean, Japanese, Traditional Chinese),""Rp279,000""";
"Dodgeball Academia (Simplified Chinese, English, Japanese),""Rp349,000""";
"The Wild at Heart (Simplified Chinese, English, Korean, Japanese),""Rp349,000""";
"Thief (Game),""Rp52,350""";
"MX vs ATV Legends (Simplified Chinese, English, Korean, Japanese),""Rp318,450""";
"HUMANITY (English, Japanese),""Rp429,000""";
"Watch Dogs: Legion PS4 & PS5 (Simplified Chinese, English, Korean, Japanese, Traditional Chinese),""Rp749,000""";
"Watch Dogs: Legion PS4 & PS5 (Simplified Chinese, English, Korean, Japanese, Traditional Chinese),""Rp112,350""";
"UNCHARTED: Legacy of Thieves Collection (Simplified Chinese, English, Korean, Traditional Chinese),""Rp729,000""";
"ELEX II PS4 & PS5 (Simplified Chinese, English, Japanese),""Rp373,050""";
"Conan Exiles (Simplified Chinese, English, Korean),""Rp699,000""";
"Kena: Bridge of Spirits PS4 & PS5 (Simplified Chinese, English, Korean, Japanese, Traditional Chinese),""Rp579,000""";
"Dishonored 2 (English/Chinese Ver.),""Rp85,800""";
"TOMB RAIDER DEFINITIVE EDITION full game (English/Chinese/Korean Ver.),""Rp74,750""";
"DOOM Eternal Standard Edition (Simplified Chinese, English, Korean, Traditional Chinese),""Rp532,000""";
"Riders Republic PS4 & PS5 (Simplified Chinese, English, Korean, Japanese, Traditional Chinese),""Rp589,000""";
"Wolfenstein® II: The New Colossus™ (English/Chinese Ver.),""Rp532,000""";
"Tchia (PS4 & PS5) (Simplified Chinese, English, Korean, Japanese),""Rp278,850""";
"The Evil Within 2 (English/Chinese/Korean Ver.),""Rp106,400""";
"Dishonored®: Death of the Outsider™ (English/Chinese Ver.),""Rp370,000""";
"Wolfenstein: Youngblood (English/Chinese/Korean Ver.),""Rp83,700""";
"Thymesia (Simplified Chinese, English, Korean, Japanese, Traditional Chinese),""Rp287,430""";
"Rune Factory 4 Special (Simplified Chinese, English, Korean, Japanese, Traditional Chinese),""Rp429,000""";
"STORY OF SEASONS: Friends of Mineral Town (Simplified Chinese, Korean, Traditional Chinese),""Rp321,000""";
"STORY OF SEASONS: Pioneers of Olive Town (Simplified Chinese, Korean, Traditional Chinese),""Rp320,000""";
"Soundfall (Simplified Chinese, English, Korean, Japanese, Traditional Chinese),""Rp429,000""";
"Soundfall (Simplified Chinese, English, Korean, Japanese, Traditional Chinese),""Rp429,000""";
"Ghostwire: Tokyo (Simplified Chinese, English, Korean, Japanese, Traditional Chinese),""Rp829,000""";
"Tom Clancy’s Rainbow Six Extraction PS4 & PS5 (Simplified Chinese, English, Korean, Thai, Japanese, Traditional Chinese),""Rp515,000""";
"The Evil Within (Chinese Ver.),""Rp79,750""";
"Wolfenstein: The Old Blood (English),""Rp64,250""";
"Bassmaster® Fishing PS4™ and PS5™ (Simplified Chinese, English, Japanese),""Rp579,000""";
"Life is Strange: True Colors PS4 & PS5 (Simplified Chinese, English, Japanese),""Rp351,600""";
"The Quarry for PS4™ (Simplified Chinese, English, Korean, Japanese, Traditional Chinese),""Rp859,000""";
"The Quarry for PS5™ (Simplified Chinese, English, Korean, Japanese, Traditional Chinese),""Rp999,000""";
"Outer Wilds (Simplified Chinese, English, Korean, Japanese),""Rp209,400""";
"SCARLET NEXUS PS4 & PS5 (English, Japanese),""Rp187,250""";
"Borderlands 3 PS4™ &  PS5™ (Simplified Chinese, English, Korean, Japanese, Traditional Chinese),""Rp890,000""";
"Sackboy: A Big Adventure PS4 & PS5 (English, Korean, Traditional Chinese),""Rp879,000""";
"Life is Strange 2 Complete Season (English),""Rp139,500""";
"Back 4 Blood: Standard Edition PS4 & PS5 (Simplified Chinese, English, Korean, Japanese, Traditional Chinese),""Rp809,000""";
"DRAGON BALL FighterZ (English),""Rp136,000""";
"Devil May Cry 5 Special Edition (English, Japanese),""Rp221,200""";
"Immortals Fenyx Rising - Digital Standard Edition PS4 & PS5 (Simplified Chinese, English, Korean, Japanese, Traditional Chinese),""Rp749,000""";
"Untitled Goose Game (Simplified Chinese, English, Korean, Japanese),""Rp279,000""";
"FINAL FANTASY TYPE-0 HD (Chinese/Korean Ver.),""Rp339,000""";
"NEO: The World Ends with You (English, Japanese),""Rp439,500""";
Devil May Cry 5 (English, Japanese),Included;
"Life is Strange Complete Season (English),""Rp163,000""";
"LEGO® Batman™ 3: Beyond Gotham - PlayStation®Hits (English Ver.),""Rp279,000""";
"Far Cry 5 (Simplified Chinese, English, Korean, Traditional Chinese),""Rp659,000""";
"TEKKEN 7 (English),""Rp110,000""";
"Far Cry Primal - Digital Standard Edition PlayStation®Hits (Simplified Chinese, English, Korean, Traditional Chinese),""Rp279,000""";
"EARTH DEFENSE FORCE 5 (English/Chinese/Korean Ver.),""Rp524,000""";
"Far Cry New Dawn - Digital Standard Edition (Simplified Chinese, English, Korean),""Rp519,000""";
"Street Fighter V: Champion Edition (Game),""Rp144,500""";
"Haven (Simplified Chinese, English, Japanese),""Rp349,000""";
"RAGE 2 (English/Chinese/Korean Ver.),""Rp144,750""";
"CODE VEIN (English),""Rp749,000""";
"Journey To The Savage Planet: Employee Of The Month (Simplified Chinese, English, Korean, Traditional Chinese),""Rp422,000""";
Middle-earth™: Shadow of Mordor™ (English/Chinese/Korean Ver.),Included;
"MEGA DIMENSION NEPTUNE VII (Japanese Ver.),""Rp638,000""";
"Ryu Ga Gotoku 7: Hikari To Yami No Yukue (Chinese/Japanese Ver.),""Rp271,320""";
"Ryu Ga Gotoku 6 Inochino Uta (Chinese Ver.),""Rp351,120""";
Tom Clancy's Rainbow Six Siege (Simplified Chinese, English, Korean, Japanese, Traditional Chinese),Included;
"LittleBigPlanet™ 3 PlayStation®Hits (English/Chinese/Korean Ver.),""Rp279,000""";
"I Am Setsuna (English Ver.),""Rp195,200""";
"JETT: The Far Shore + Given Time (English, Japanese),""Rp429,000""";
"KINGDOM HEARTS HD -1.5+2.5 ReMIX- (English Ver.),""Rp569,000""";
"KINGDOM HEARTS HD 2.8 FINAL CHAPTER PROLOGUE (English),""Rp699,000""";
"KINGDOM HEARTS III (Chinese/Korean Ver.),""Rp724,000""";
"Erica (English),""Rp70,000""";
"DRAGON QUEST XI S: Echoes of an Elusive Age – Definitive Edition (Simplified Chinese, Korean, Traditional Chinese),""Rp579,000""";
"Tom Clancy's The Division® 2 (English/Chinese/Korean/Japanese Ver.),""Rp103,500""";
"Assassin's Creed Odyssey - Digital Standard Edition (Simplified Chinese, English, Korean, Traditional Chinese),""Rp149,000""";
"DRAGON QUEST BUILDERS 2 (Chinese/Korean Ver.),""Rp499,000""";
"DRAGONQUEST HEROES II Futago no Ou to Yogen no Owari (Chinese/Korean Ver.),""Rp299,000""";
"The Elder Scrolls V: Skyrim Special Edition - PS5 & PS4 (Simplified Chinese, English, Traditional Chinese),""Rp532,000""";
"JUDGE EYES: wills of death New Price Edition (Chinese Ver.),""Rp239,000""";
"Adventure Time Pirates of the Enchiridion (English),""Rp665,000""";
"Spiritfarer®: Farewell Edition (Simplified Chinese, English, Korean, Japanese, Traditional Chinese),""Rp429,000""";
"Stray (Simplified Chinese, English, Korean, Japanese, Traditional Chinese),""Rp321,750""";
"The Dark Pictures Anthology: Little Hope PS4 & PS5 (Simplified Chinese, English, Korean, Traditional Chinese),""Rp119,600""";
"The Dark Pictures Anthology: Little Hope PS4 & PS5 (Simplified Chinese, English, Korean, Traditional Chinese),""Rp119,600""";
"ODDWORLD: NEW 'N' TASTY full game (English Ver.),""Rp364,000""";
"What Remains of Edith Finch (Simplified Chinese, English, Korean, Japanese),""Rp69,750""";
"Mortal Shell (Simplified Chinese, English, Korean, Japanese),""Rp429,000""";
"Yakuza: Like a Dragon PS4 & PS5 (Simplified Chinese, English, Korean, Japanese, Traditional Chinese),""Rp271,660""";
"The Pedestrian (English),""Rp279,000""";
"INSIDE (English/Chinese/Korean Ver.),""Rp199,000""";
"Ryu Ga Gotoku KIWAMI (Chinese Ver.),""Rp114,400""";
"Ryu Ga Gotoku KIWAMI2 (Chinese Ver.),""Rp307,560""";
"The Medium (Simplified Chinese, English),""Rp699,000""";
"DRAGON QUEST BUILDERS：Alefgard wo Fukkatsu Seyo (PS4™) (Chinese Ver.),""Rp299,000""";
"Dragon Quest Heroes™: Yamiryuu to Sekaiju no Shiro (Chinese/Korean Ver.),""Rp339,000""";
"DRAGON BALL XENOVERSE 2 (English),""Rp279,000""";
"FINAL FANTASY VII REMAKE INTERGRADE (Chinese/Korean Version) (Simplified Chinese, Korean, Traditional Chinese),""Rp579,000""";
Ghost of Tsushima DIRECTOR’S CUT (PlayStation Plus) (Simplified Chinese, English, Korean, Thai, Japanese, Traditional Chinese),Included;
"Dead by Daylight PS4™ & PS5™ (Simplified Chinese, English, Korean, Japanese, Traditional Chinese),""Rp214,500""";
"Chorus (Simplified Chinese, English, Korean, Japanese, Traditional Chinese),""Rp579,000""";
"EARTH DEFENSE FORCE: IRON RAIN (English/Chinese/Korean/Japanese Ver.),""Rp724,000""";
"The Gardens Between (English, Korean, Japanese, Traditional Chinese),""Rp279,000""";
"Ghost Recon Breakpoint - Standard Edition (English/Chinese/Korean/Japanese Ver.),""Rp749,000""";
"OMNO (Simplified Chinese, English, Korean, Japanese, Traditional Chinese),""Rp199,000""";
"Ghost Recon Wildlands - Digital Standard Edition (Simplified Chinese, English, Korean),""Rp91,000""";
"Bugsnax (Simplified Chinese, English, Korean, Japanese),""Rp349,000""";
"My Time at Portia (Simplified Chinese, English, Japanese, Traditional Chinese),""Rp111,750""";
"Returnal™ (Simplified Chinese, English, Korean, Traditional Chinese),""Rp1,029,000""";
"Demon's Souls (Simplified Chinese, English, Korean, Thai, Traditional Chinese),""Rp432,180""";
"Assassin's Creed Chronicles - China (English, Korean, Traditional Chinese),""Rp41,600""";
"Assassin's Creed Chronicles - India (Simplified Chinese, English, Korean, Traditional Chinese),""Rp41,600""";
"Assassin's Creed Chronicles - Russia (Simplified Chinese, English, Korean, Traditional Chinese),""Rp41,600""";
"Assassin's Creed® III Remastered - Digital Standard Edition (English/Chinese/Korean/Japanese Ver.),""Rp114,750""";
"DEATHLOOP (Simplified Chinese, English, Korean, Traditional Chinese),""Rp829,000""";
"Assassin's Creed Unity - Digital Standard Edition (English, Korean, Traditional Chinese),""Rp78,900""";
"Hohokum™ full game (English Ver.),""Rp170,000""";
"The Crew 2 - Digital Standard Edition (Simplified Chinese, English, Korean, Traditional Chinese),""Rp570,000""";
"Control: Ultimate Edition (Simplified Chinese, English, Korean, Japanese, Traditional Chinese),""Rp579,000""";
"Hollow Knight (Simplified Chinese, English, Korean, Japanese),""Rp208,000""";
"Maneater PS4 & PS5 (Simplified Chinese, English, Korean, Japanese, Traditional Chinese),""Rp579,000""";
"Horizon Zero Dawn™: Complete Edition PlayStation®Hits (Simplified Chinese, English, Korean),""Rp309,000""";
UNCHARTED 4: A Thief's End™ PlayStation®Hits (Game),Included;
UNCHARTED: The Lost Legacy™ (English/Chinese/Korean Ver.),Included;
"Saints Row IV: Re-Elected (English),""Rp42,600""";
"Saints Row: Gat out of Hell (English),""Rp213,000""";
"Assassin's Creed Rogue Remastered - Digital Standard Edition (English, Korean, Traditional Chinese),""Rp107,700""";
"Assassin's Creed The Ezio Collection (Simplified Chinese, English, Korean, Traditional Chinese),""Rp146,700""";
"Human: Fall Flat PS4 & PS5 (Simplified Chinese, English, Korean, Japanese, Traditional Chinese),""Rp195,000""";
"Monopoly Plus (English),""Rp50,700""";
"Rabbids®Invasion: The interactive TV Show full game (English),""Rp396,000""";
"Rayman® Legends - Digital Standard Edition PlayStation®Hits (English),""Rp279,000""";
"Scott Pilgrim vs. The World™: The Game – Complete Edition (English),""Rp49,170""";
"The Dark Pictures Anthology: Man of Medan PS4 & PS5 (Simplified Chinese, English, Korean, Traditional Chinese),""Rp98,670""";
"Ys VIII -Lacrimosa of DANA- Standard Edition (Chinese Ver.),""Rp679,000""";
"FINAL FANTASY X/X-2 HD Remaster (Chinese/Korean Ver.),""Rp339,000""";
"SOULCALIBUR VI (English),""Rp102,000""";
"Mortal Shell: Enhanced Edition (Simplified Chinese, English, Korean, Japanese, Traditional Chinese),""Rp429,000""";
"STEEP - Digital Standard Edition (Simplified Chinese, English, Traditional Chinese),""Rp229,000""";
"Everybody's Golf (English, Korean, Traditional Chinese),""Rp214,500""";
"Shadow of the Colossus™ (English/Chinese/Korean Ver.),""Rp369,000""";
"FINAL FANTASY XII THE ZODIAC AGE (Chinese/Korean Ver.),""Rp617,000""";
"GRAVITY RUSH 2  (Standard Edition) (English/Chinese/Korean Ver.),""Rp349,500""";
"Darksiders Genesis (Game),""Rp579,000""";
"Warhammer: Chaosbane Slayer Edition (Simplified Chinese, English, Korean, Traditional Chinese),""Rp829,000""";
"Bloodstained: Ritual of the Night (Simplified Chinese, English, Korean, Japanese, Traditional Chinese),""Rp550,000""";
"WATCH_DOGS™ - Digital Standard Edition PlayStation®Hits (English),""Rp279,000""";
"Terraria – PlayStation®4 Edition (English, Korean),""Rp272,000""";
"Watch Dogs 2 - Digital Standard Edition PlayStation®Hits (Simplified Chinese, English, Korean),""Rp41,850""";
"For Honor - Digital Standard Edition (Simplified Chinese, English, Korean),""Rp345,000""";
"Far Cry 4 - Digital Standard Edition PlayStation®Hits (English, Korean),""Rp279,000""";
"Friday the 13th the Game (English/Chinese Ver.),""Rp69,000""";
"Blasphemous (Simplified Chinese, English, Korean, Japanese),""Rp107,100""";
"Far Cry®3 Classic Edition - Digital Standard Edition (Simplified Chinese, English, Korean, Traditional Chinese),""Rp89,750""";
"God of War (English, Korean, Traditional Chinese),""Rp309,000""";
"MONOPOLY® Madness (Simplified Chinese, English, Korean, Japanese, Traditional Chinese),""Rp399,000""";
"UNO (Simplified Chinese, English, Traditional Chinese),""Rp138,000""";
"Desperados III (Simplified Chinese, English, Korean),""Rp579,000""";
"My Friend Pedro (English),""Rp279,000""";
"Bloodborne™ PlayStation®Hits (English/Chinese/Korean Ver.),""Rp279,000""";
"Wreckfest (Game),""Rp150,150""";
"Wreckfest PlayStation®5 Version (English),""Rp347,400""";
"MediEvil (English),""Rp214,500""";
"Dragon Star Varnir (English Ver.),""Rp579,000""";
"The Fisherman: Fishing Planet (Simplified Chinese, English, Traditional Chinese),""Rp579,000""";
"Tearaway™ Unfolded (Simplified Chinese, English, Korean),""Rp339,000""";
"FINAL FANTASY VIII Remastered (English/Japanese Ver.),""Rp285,000""";
"Ghostrunner (Simplified Chinese, English, Korean, Japanese, Traditional Chinese),""Rp422,000""";
"ALIENATION™ (English/Chinese/Korean Ver.),""Rp299,000""";
Death end re;"Quest (English Ver.),""Rp557,000"""
"Hello Neighbor (Simplified Chinese, English, Korean, Japanese, Traditional Chinese),""Rp107,250""";
"Last Stop (Simplified Chinese, English, Korean, Japanese, Traditional Chinese),""Rp139,600""";
"Days Gone Standard Edition (Simplified Chinese, English, Korean),""Rp231,600""";
"ONINAKI (English/Japanese Ver.),""Rp286,000""";
"Trials® Rising - Digital Standard Edition (English/Chinese/Japanese Ver.),""Rp229,000""";
"For The King (English/Chinese/Korean/Japanese Ver.),""Rp235,000""";
"Ashen (English/Chinese/Korean/Japanese Ver.),""Rp139,500""";
"Darksiders III (Game),""Rp579,000""";
"Secret Neighbor (Simplified Chinese, English, Korean, Thai, Japanese, Traditional Chinese),""Rp279,000""";
"Middle-earth™: Shadow of War™ (English/Chinese/Korean Ver.),""Rp149,780""";
"FINAL FANTASY VII (English/Japanese Ver.),""Rp198,000""";
"FINAL FANTASY VII REMAKE (Simplified Chinese, Korean, Traditional Chinese),""Rp429,000""";
"WORLD OF FINAL FANTASY (Chinese/Korean Ver.),""Rp330,000""";
"Call of Cthulhu® (Simplified Chinese, English, Korean),""Rp279,000""";
"FAR CRY 3: BLOOD DRAGON CLASSIC EDITION (Simplified Chinese, English, Korean, Traditional Chinese),""Rp59,600""";
"Killzone™ Shadow Fall PlayStation®Hits (English/Chinese/Korean Ver.),""Rp139,500""";
"XCOM 2 (English/Chinese/Korean Ver.),""Rp40,000""";
"Moving Out (Simplified Chinese, English, Korean, Japanese, Traditional Chinese),""Rp101,700""";
"Totally Reliable Delivery Service (English, Korean, Japanese),""Rp199,000""";
"FIGHTING EX LAYER (Standard Version) (English/Japanese Ver.),""Rp449,000""";
"Detroit: Become Human™ Standard Edition (English/Chinese/Korean Ver.),""Rp309,000""";
"Battle Chasers: Nightwar (Simplified Chinese, English, Korean, Japanese),""Rp429,000""";
"PAW Patrol On a Roll (English),""Rp665,000""";
"Harvest Moon®: Light of Hope Special Edition (English Ver.),""Rp556,000""";
"The Messenger (English/Korean/Japanese Ver.),""Rp250,000""";
"FINAL FANTASY® IX (English Ver.),""Rp199,000""";
"The Surge 2 (English/Chinese/Korean Ver.),""Rp429,000""";
"Prison Architect: PlayStation®4 Edition (Game),""Rp349,000""";
"The Artful Escape (Simplified Chinese, English, Korean, Japanese, Traditional Chinese),""Rp139,500""";
"The LEGO® Movie Videogame full game (English Ver.),""Rp684,000""";
"Deliver Us The Moon PS4 & PS5 (Simplified Chinese, English, Korean, Japanese),""Rp235,000""";
"Deliver Us The Moon PS4 & PS5 (Simplified Chinese, English, Korean, Japanese),""Rp235,000""";
"Valiant Hearts: The Great War full game (English),""Rp140,000""";
"Overcooked! 2 (Simplified Chinese, English, Korean, Japanese),""Rp348,000""";
"Caladrius Blaze (English, Korean),""Rp286,000""";
"The MISSING: J.J. Macfield and the Island of Memories (English/Chinese/Korean/Japanese Ver.),""Rp384,000""";
"Destruction AllStars (Simplified Chinese, English, Korean, Traditional Chinese),""Rp279,000""";
"inFAMOUS Second Son™ PlayStation®Hits (English/Chinese/Korean Ver.),""Rp279,000""";
"Until Dawn™ PlayStation®Hits (English/Chinese/Korean Ver.),""Rp139,500""";
"South Park™: The Fractured but Whole™ - Digital Standard Edition (English),""Rp172,250""";
"GRIP (Simplified Chinese, English, Korean),""Rp577,000""";
"Monster Jam Steel Titans 2 (English),""Rp173,700""";
"Monster Truck Championship (Simplified Chinese, English, Korean, Thai, Traditional Chinese),""Rp579,000""";
"The Last Guardian (English/Chinese/Korean Ver.),""Rp490,000""";
"Batman™: Arkham Knight PlayStation®Hits (English, Korean),""Rp279,000""";
"Observation (English/Korean/Japanese Ver.),""Rp87,500""";
"This is the Police (Simplified Chinese, English),""Rp279,000""";
"Golf With Your Friends (Simplified Chinese, English, Japanese, Traditional Chinese),""Rp271,000""";
"The Crew (English),""Rp289,000""";
"ABZU (English),""Rp266,000""";
"JUDGE EYES: wills of death Remastered (Simplified Chinese, English, Korean, Japanese, Traditional Chinese),""Rp239,000""";
"ReadySet Heroes (English/Chinese/Korean Ver.),""Rp309,000""";
"This Is the Police 2 (English, Korean, Japanese, Traditional Chinese),""Rp128,700""";
"South Park: The Stick of Truth (English),""Rp359,000""";
"Embr (Simplified Chinese, English, Korean, Japanese, Traditional Chinese),""Rp279,000""";
"Starlink: Battle for Atlas - Digital Edition (English/Chinese/Korean/Japanese Ver.),""Rp289,000""";
"Marvel's Spider-Man: Miles Morales PS4 & PS5 (Simplified Chinese, English, Korean, Traditional Chinese),""Rp729,000""";
"Hotline Miami 2: Wrong Number (English Ver.),""Rp189,000""";
"How to Survive 2 (English),""Rp39,600""";
"Surviving Mars (English),""Rp398,000""";
"MATTERFALL™ (English/Chinese/Korean Ver.),""Rp239,000""";
"Concrete Genie Digital Deluxe Edition (English, Korean, Thai, Traditional Chinese),""Rp579,000""";
"Warhammer 40,000: Inquisitor - Martyr (English),""Rp655,000""";
"Space Hulk: Deathwing - Enhanced Edition (English Ver.),""Rp107,250""";
"Lawn Mowing Simulator PS4 & PS5 (Simplified Chinese, English, Korean, Japanese, Traditional Chinese),""Rp279,000""";
"I Am Dead (Simplified Chinese, English, Korean, Japanese, Traditional Chinese),""Rp111,600""";
"Fade to Silence (English, Japanese, Traditional Chinese),""Rp429,000""";
"Shadow of the Beast™ (English/Chinese/Korean Ver.),""Rp119,600""";
"ZOMBI (English, Japanese),""Rp197,000""";
"FORECLOSED (English, Korean, Japanese, Traditional Chinese),""Rp279,000""";
"Brothers: A Tale of Two Sons (Simplified Chinese, English, Japanese),""Rp52,200""";
"Vampyr (English Ver.),""Rp579,000""";
"Stellaris: Console Edition (English, Korean, Japanese),""Rp531,000""";
"ELEX (English),""Rp829,000""";
"Trials Fusion (English),""Rp199,000""";
"KINGDOM HEARTS Melody of Memory (Simplified Chinese, Korean, Traditional Chinese),""Rp699,000""";
"RESOGUN™ full game (English),""Rp42,500""";
"KNACK full game (English/Chinese/Korean Ver.),""Rp299,000""";
"Transference™ - Digital Edition (English/Chinese/Korean/Japanese Ver.),""Rp289,000""";
"Observer: System Redux (Simplified Chinese, English, Korean, Japanese),""Rp429,000""";
The Elder Scrolls Online - PS4 (English),Included;
"Eagle Flight (Simplified Chinese, English, Korean, Japanese, Traditional Chinese),""Rp539,000""";
"Bomber Crew (English/Japanese Ver.),""Rp140,000""";
"Space Crew: Legendary Edition (Simplified Chinese, English, Korean, Japanese, Traditional Chinese),""Rp349,000""";
"Trials of the Blood Dragon Game (Simplified Chinese, English),""Rp195,000""";
"Age of Wonders: Planetfall (English, Korean),""Rp715,000""";
"No Straight Roads (Simplified Chinese, English, Korean, Malay, Japanese, Traditional Chinese),""Rp769,000""";
"DAMASCUS GEAR : Operation Tokyo HD Edition (Japanese Ver.),""Rp189,000""";
"Get Even (English Ver.),""Rp260,000""";
"ADR1FT (English),""Rp66,500""";
"BOUND: Shattered Kingdom (English/Chinese/Korean Ver.),""Rp266,000""";
"Hue (English Ver.),""Rp199,000""";
"Entwined™ full game (English Ver.),""Rp120,000""";
"11-11: Memories Retold (English, Japanese),""Rp21,000""";
"TowerFall Ascension full game (English Ver.),""Rp180,000""";
"The Technomancer (English Ver.),""Rp162,000""";
"Space Junkies™ - Digital Standard Edition (English/Chinese/Korean/Japanese Ver.),""Rp459,000""";
"Star Trek: Bridge Crew - Digital Standard (English),""Rp289,000""";
"Risk Urban Assault (English),""Rp195,000""";
"Werewolves Within (English),""Rp359,000""";
"TorqueL full game (English Ver.),""Rp106,000""";
"Tetris® Effect: Connected (Simplified Chinese, English, Korean, Thai, Japanese, Traditional Chinese),""Rp496,000""";
"Rez Infinite (Simplified Chinese, English, Korean, Japanese),""Rp336,000""";
"Payday 2 Crimewave Edition (English),""Rp266,000""";
"NARUTO TO BORUTO: SHINOBI STRIKER (English),""Rp279,000""";
"Monster Truck Championship (Simplified Chinese, English, Korean, Thai, Traditional Chinese),""Rp579,000""";
"Maneater PS4 & PS5 (Simplified Chinese, English, Korean, Japanese, Traditional Chinese),""Rp579,000""";
"Mahjong (English),""Rp139,000""";
"Magicka 2: Base Edition (English, Korean, Traditional Chinese),""Rp204,000""";
"MudRunner (English Ver.),""Rp499,000""";
"LOST SPHEAR (Japanese Ver.),""Rp141,000""";
"Legendary Fishing Digital Edition (English/Chinese/Korean/Japanese Ver.),""Rp345,000""";
"Life is Strange: Before the Storm Complete Season (English Ver.),""Rp160,000""";
"Kingdom Two Crowns (English),""Rp279,000""";
"DYNASTY WARRIORS 8 Empires full game (Japanese Ver.),""Rp659,000""";
"Far Cry 6 - Digital Standard Edition PS4 & PS5 (Simplified Chinese, English, Korean, Thai, Japanese, Traditional Chinese),""Rp187,250""";
"Sakuna: Of Rice and Ruin (Simplified Chinese, English, Korean, Japanese, Traditional Chinese),""Rp269,000""";
"Bus Simulator 21 Next Stop (Simplified Chinese, English, Korean, Japanese, Traditional Chinese),""Rp579,000""";
"Rise of the Tomb Raider: 20 Year Celebration (Game),""Rp455,000""";
Shadow of the Tomb Raider (English Ver.),Included;
RESIDENT EVIL 7 biohazard (Simplified Chinese, English, Korean, Thai, Japanese, Traditional Chinese),Included;
DRAGON BALL Z: KAKAROT PS4&PS5 (English),Included;
"FINAL FANTASY TYPE-0 HD (English Ver.),""Rp339,000""";
"FINAL FANTASY TYPE-0 HD (Japanese Ver.),""Rp339,000""";
ACE COMBAT™ 7: SKIES UNKNOWN (English, Japanese),Included;
"Street Fighter V: Champion Edition (Game),""Rp144,500""";
"Megadimension Neptunia™ VII (English Ver.),""Rp139,000""";
"MEGADIMENSION NEPTUNIA VII (Chinese Ver.),""Rp539,000""";
"Yakuza 6: The Song of Life (English Ver.),""Rp334,400""";
"Ikenie to Yuki no Setsuna (Japanese Ver.),""Rp195,200""";
"KINGDOM HEARTS III (English Ver.),""Rp724,000""";
"DRAGON QUEST XI S: Echoes of an Elusive Age – Definitive Edition (English),""Rp579,000""";
"DRAGON QUEST BUILDERS 2 (English Ver.),""Rp499,000""";
"DRAGON QUEST BUILDERS 2 (Japanese Ver.),""Rp499,000""";
"DRAGON QUEST HEROES II™ (English Ver.),""Rp635,000""";
"DRAGONQUEST HEROES II Futago no Ou to Yogen no Owari (Japanese Ver.),""Rp779,000""";
"Yakuza 0 (English Ver.),""Rp319,440""";
"Ryu Ga Gotoku 0: Chikai No Basyo (Japanese Ver.),""Rp312,840""";
"Judgment (English Ver.),""Rp239,000""";
"Ryu Ga Gotoku 7: Hikari To Yami No Yukue International (Simplified Chinese, English, Korean, Japanese, Traditional Chinese),""Rp258,060""";
"YAKUZA KIWAMI (English Ver.),""Rp131,120""";
"Yakuza Kiwami 2 (English Ver.),""Rp297,000""";
"DRAGON QUEST BUILDERS™ (English Ver.),""Rp299,000""";
"DRAGON QUEST BUILDERS：Alefgard wo Fukkatsu Seyo (PS4™) (Japanese Ver.),""Rp814,000""";
"DRAGON QUEST HEROES: The World Tree's Woe and the Blight Below (English Ver.),""Rp339,000""";
"Dragon Quest Heroes™: Yamiryuu to Sekaiju no Shiro full game (Japanese Ver.),""Rp339,000""";
"FINAL FANTASY VII REMAKE INTERGRADE (Japanese/English Version) (English, Japanese),""Rp579,000""";
"Marvel's Guardians of the Galaxy PS4 & PS5 (English/Japanese Version) (Simplified Chinese, English, Korean, Japanese, Traditional Chinese),""Rp829,000""";
"Oddworld: Soulstorm Enhanced Edition (Simplified Chinese, English, Japanese, Traditional Chinese),""Rp579,000""";
"Assassin's Creed® Syndicate - Digital Standard Edition (Simplified Chinese, English, Korean, Traditional Chinese),""Rp107,700""";
"OUTRIDERS PS4 & PS5 (English),""Rp579,000""";
"Control: Ultimate Edition (Simplified Chinese, English, Korean, Traditional Chinese),""Rp570,000""";
"Assassin's Creed® IV Black Flag - Digital Standard Edition – PlayStation®Hits (English),""Rp279,000""";
"Assassin's Creed Origins - Digital Standard Edition (Simplified Chinese, English, Korean, Traditional Chinese),""Rp98,850""";
"Assassin's Creed® Freedom Cry Standalone full game (English/Chinese/Japanese Ver.),""Rp104,000""";
"Assetto Corsa Competizione (English, Korean),""Rp769,000""";
"Assetto Corsa Competizione (Simplified Chinese, English, Korean, Traditional Chinese),""Rp579,000""";
"FINAL FANTASY X/X-2 HD Remaster (English Ver.),""Rp339,000""";
"FINAL FANTASY X/X-2 HD Remaster (Japanese Ver.),""Rp339,000""";
"Tennis World Tour 2 (Simplified Chinese, English, Korean, Traditional Chinese),""Rp699,000""";
"Tennis World Tour 2 - Complete Edition (Simplified Chinese, English, Korean, Traditional Chinese),""Rp699,000""";
"FINAL FANTASY XII THE ZODIAC AGE (English/Japanese Ver.),""Rp617,000""";
"Warhammer Chaosbane (Simplified Chinese, English, Korean, Traditional Chinese),""Rp429,000""";
"FINAL FANTASY XV ROYAL EDITION (English, Japanese),""Rp629,000""";
"Tom Clancy's The Division - Digital Standard Edition PlayStation®Hits (Simplified Chinese, English, Korean, Traditional Chinese),""Rp279,000""";
"Bee Simulator (Simplified Chinese, English, Korean, Traditional Chinese),""Rp545,000""";
"Werewolf: The Apocalypse – Earthblood (Simplified Chinese, English, Korean, Traditional Chinese),""Rp699,000""";
"Werewolf: The Apocalypse – Earthblood (Simplified Chinese, English, Korean, Traditional Chinese),""Rp699,000""";
"AO Tennis 2 (Simplified Chinese, English, Korean, Traditional Chinese),""Rp499,000""";
"ALIENATION™ (English),""Rp270,000""";
"inFAMOUS First Light™ full game (English/Chinese/Korean Ver.),""Rp170,000""";
"AVICII Invector (Simplified Chinese, English, Korean, Japanese),""Rp190,000""";
"FINAL FANTASY VII REMAKE (English/Japanese Ver.),""Rp429,000""";
"WORLD OF FINAL FANTASY (English Ver.),""Rp330,000""";
"Portal Knights (Simplified Chinese, English, Korean),""Rp140,000""";
Child Of Light (English/Japanese Ver.),Included;
"Hotshot Racing (Simplified Chinese, English, Korean, Japanese, Traditional Chinese),""Rp190,000""";
"KINGDOM HEARTS Melody of Memory (English),""Rp699,000""";
"The Surge (Simplified Chinese, English, Korean),""Rp232,000""";
"OVERPASS™ (Simplified Chinese, English, Korean, Traditional Chinese),""Rp429,000""";
"Oddworld: Soulstorm Enhanced Edition (Simplified Chinese, English, Japanese, Traditional Chinese),""Rp579,000""";
"Necromunda: Underhive Wars (Simplified Chinese, English),""Rp69,750""";
"Just Cause 4: Reloaded (English Ver.),""Rp499,000""";
"DYNASTY WARRIORS 8 Empires full game (English Ver.),""Rp606,000""";
"DYNASTY WARRIORS 8 Empires full game (Traditional Chinese),""Rp659,000""";
DEATH STRANDING Standard Digital Edition (Simplified Chinese, English, Korean, Traditional Chinese),Included;
"DEATH STRANDING DIRECTOR’S CUT (Simplified Chinese, English, Korean, Japanese, Traditional Chinese),""Rp729,000""";
"TRIALS of MANA (Simplified Chinese, Korean, Traditional Chinese),""Rp629,000""";
"TRIALS of MANA (English/Japanese Ver.),""Rp629,000""";
